team,possession,goals,points,season,points_group
Arsenal,56.9,67,74,2024-2025,61-80
Aston Villa,50.5,56,66,2024-2025,61-80
Bournemouth,48.5,57,56,2024-2025,41-60
Brentford,47.9,65,56,2024-2025,41-60
Brighton,52.3,64,61,2024-2025,61-80
Chelsea,57.1,61,69,2024-2025,61-80
Crystal Palace,42.8,49,53,2024-2025,41-60
Everton,40.9,39,48,2024-2025,41-60
Fulham,52.3,53,54,2024-2025,41-60
Ipswich Town,40.6,35,22,2024-2025,21-40
Leicester City,45.4,33,25,2024-2025,21-40
Liverpool,57.7,85,84,2024-2025,81-100
Manchester City,61.3,71,71,2024-2025,61-80
Manchester Utd,53.5,42,42,2024-2025,41-60
Newcastle United,51.3,66,66,2024-2025,61-80
Nottingham Forest,41.2,57,65,2024-2025,61-80
Southampton,48.5,25,12,2024-2025,0-20
Tottenham Hotspur,54.7,61,38,2024-2025,21-40
West Ham United,48.4,43,43,2024-2025,41-60
Wolves,48.1,53,42,2024-2025,41-60
Arsenal,58.2,86,89,2023-2024,81-100
Aston Villa,53.1,72,68,2023-2024,61-80
Bournemouth,44.4,52,48,2023-2024,41-60
Brentford,45.2,54,39,2023-2024,21-40
Brighton,59.8,50,48,2023-2024,41-60
Burnley,47.4,40,24,2023-2024,21-40
Chelsea,58.6,76,63,2023-2024,61-80
Crystal Palace,42.3,56,49,2023-2024,41-60
Everton,40.8,40,40,2023-2024,21-40
Fulham,50.6,54,47,2023-2024,41-60
Liverpool,61.3,80,82,2023-2024,81-100
Luton Town,42.4,49,26,2023-2024,21-40
Manchester City,65.2,94,91,2023-2024,81-100
Manchester Utd,50.6,57,60,2023-2024,41-60
Newcastle United,52.2,83,60,2023-2024,41-60
Nottingham Forest,40.6,49,32,2023-2024,21-40
Sheffield United,35.8,31,16,2023-2024,0-20
Tottenham Hotspur,61.6,69,66,2023-2024,61-80
West Ham United,41.1,58,52,2023-2024,41-60
Wolves,48.9,47,46,2023-2024,41-60
Arsenal,59.3,84,84,2022-2023,81-100
Aston Villa,49.3,49,61,2022-2023,61-80
Bournemouth,40.4,37,39,2022-2023,21-40
Brentford,43.8,56,59,2022-2023,41-60
Brighton,60.2,68,62,2022-2023,61-80
Chelsea,58.7,37,44,2022-2023,41-60
Crystal Palace,46.3,38,45,2022-2023,41-60
Everton,42.8,32,36,2022-2023,21-40
Fulham,48.8,52,52,2022-2023,41-60
Leeds United,47.0,45,31,2022-2023,21-40
Leicester City,47.7,49,34,2022-2023,21-40
Liverpool,60.8,71,67,2022-2023,61-80
Manchester City,64.7,92,89,2022-2023,81-100
Manchester Utd,53.7,56,75,2022-2023,61-80
Newcastle United,52.3,64,71,2022-2023,61-80
Nottingham Forest,37.6,36,38,2022-2023,21-40
Southampton,44.5,36,25,2022-2023,21-40
Tottenham Hotspur,50.0,68,60,2022-2023,41-60
West Ham United,42.1,41,40,2022-2023,21-40
Wolves,49.9,28,41,2022-2023,41-60
Arsenal,52.8,60,69,2021-2022,61-80
Aston Villa,46.5,50,45,2021-2022,41-60
Brentford,44.8,46,46,2021-2022,41-60
Brighton,54.4,40,51,2021-2022,41-60
Burnley,40.2,32,35,2021-2022,21-40
Chelsea,61.8,75,74,2021-2022,61-80
Crystal Palace,51.1,50,48,2021-2022,41-60
Everton,40.0,42,39,2021-2022,21-40
Leeds United,52.3,42,38,2021-2022,21-40
Leicester City,52.0,62,52,2021-2022,41-60
Liverpool,62.7,94,92,2021-2022,81-100
Manchester City,67.9,96,93,2021-2022,81-100
Manchester Utd,52.7,56,58,2021-2022,41-60
Newcastle United,40.4,41,49,2021-2022,41-60
Norwich City,42.9,21,22,2021-2022,21-40
Southampton,47.7,41,40,2021-2022,21-40
Tottenham Hotspur,51.8,63,71,2021-2022,61-80
Watford,40.7,33,23,2021-2022,21-40
West Ham United,47.9,58,56,2021-2022,41-60
Wolves,49.5,35,51,2021-2022,41-60
Arsenal,53.5,53,61,2020-2021,61-80
Aston Villa,48.5,52,55,2020-2021,41-60
Brighton,51.1,39,41,2020-2021,41-60
Burnley,42.1,32,39,2020-2021,21-40
Chelsea,60.9,56,67,2020-2021,61-80
Crystal Palace,40.6,39,44,2020-2021,41-60
Everton,46.4,45,59,2020-2021,41-60
Fulham,49.7,26,28,2020-2021,21-40
Leeds United,57.3,60,59,2020-2021,41-60
Leicester City,54.3,64,66,2020-2021,61-80
Liverpool,62.1,65,69,2020-2021,61-80
Manchester City,63.5,82,86,2020-2021,81-100
Manchester Utd,55.7,70,74,2020-2021,61-80
Newcastle United,38.8,44,45,2020-2021,41-60
Sheffield United,41.7,19,23,2020-2021,21-40
Southampton,52.0,47,43,2020-2021,41-60
Tottenham Hotspur,51.6,66,62,2020-2021,61-80
West Brom,37.9,33,26,2020-2021,21-40
West Ham United,43.2,60,65,2020-2021,61-80
Wolves,49.3,34,45,2020-2021,41-60
Arsenal,53.8,56,56,2019-2020,41-60
Aston Villa,44.1,40,35,2019-2020,21-40
Bournemouth,44.1,38,34,2019-2020,21-40
Brighton,52.2,35,41,2019-2020,41-60
Burnley,41.9,41,54,2019-2020,41-60
Chelsea,60.4,69,66,2019-2020,61-80
Crystal Palace,44.8,29,43,2019-2020,41-60
Everton,49.0,42,49,2019-2020,41-60
Leicester City,57.1,65,62,2019-2020,61-80
Liverpool,62.9,83,99,2019-2020,81-100
Manchester City,66.2,100,81,2019-2020,81-100
Manchester Utd,55.8,65,66,2019-2020,61-80
Newcastle United,39.0,38,44,2019-2020,41-60
Norwich City,49.3,25,21,2019-2020,21-40
Sheffield United,43.1,36,54,2019-2020,41-60
Southampton,48.9,51,52,2019-2020,41-60
Tottenham Hotspur,52.0,56,59,2019-2020,41-60
Watford,42.9,35,34,2019-2020,21-40
West Ham United,44.1,49,39,2019-2020,21-40
Wolves,48.3,49,59,2019-2020,41-60
Arsenal,58.1,69,70,2018-2019,61-80
Bournemouth,46.9,55,45,2018-2019,41-60
Brighton,42.4,35,36,2018-2019,21-40
Burnley,41.2,43,40,2018-2019,21-40
Cardiff City,35.4,33,34,2018-2019,21-40
Chelsea,62.9,61,72,2018-2019,61-80
Crystal Palace,45.2,48,49,2018-2019,41-60
Everton,51.5,53,54,2018-2019,41-60
Fulham,48.8,33,26,2018-2019,21-40
Huddersfield Town,47.2,21,16,2018-2019,0-20
Leicester City,50.9,48,52,2018-2019,41-60
Liverpool,61.8,86,97,2018-2019,81-100
Manchester City,67.9,91,98,2018-2019,81-100
Manchester Utd,54.7,65,66,2018-2019,61-80
Newcastle United,40.4,41,45,2018-2019,41-60
Southampton,43.4,44,39,2018-2019,21-40
Tottenham Hotspur,59.0,66,71,2018-2019,61-80
Watford,46.7,51,50,2018-2019,41-60
West Ham United,48.6,51,52,2018-2019,41-60
Wolves,46.8,46,57,2018-2019,41-60
Arsenal,61.4,73,63,2017-2018,61-80
Bournemouth,48.1,45,44,2017-2018,41-60
Brighton,43.7,33,40,2017-2018,21-40
Burnley,43.7,35,54,2017-2018,41-60
Chelsea,55.6,60,70,2017-2018,61-80
Crystal Palace,45.2,44,44,2017-2018,41-60
Everton,45.5,42,49,2017-2018,41-60
Huddersfield Town,45.7,25,37,2017-2018,21-40
Leicester City,48.0,53,47,2017-2018,41-60
Liverpool,60.3,82,75,2017-2018,61-80
Manchester City,71.0,103,100,2017-2018,81-100
Manchester Utd,54.7,67,81,2017-2018,81-100
Newcastle United,41.7,38,44,2017-2018,41-60
Southampton,51.3,36,36,2017-2018,21-40
Stoke City,41.4,34,33,2017-2018,21-40
Swansea City,45.3,27,33,2017-2018,21-40
Tottenham Hotspur,61.8,70,77,2017-2018,61-80
Watford,49.7,42,41,2017-2018,41-60
West Brom,40.7,31,31,2017-2018,21-40
West Ham United,45.2,48,42,2017-2018,41-60
Arsenal,58.9,73,75,2016-2017,61-80
Bournemouth,51.5,53,46,2016-2017,41-60
Burnley,40.3,39,40,2016-2017,21-40
Chelsea,55.1,83,93,2016-2017,81-100
Crystal Palace,45.4,48,41,2016-2017,41-60
Everton,52.1,58,61,2016-2017,61-80
Hull City,45.9,36,34,2016-2017,21-40
Leicester City,41.9,46,44,2016-2017,41-60
Liverpool,62.0,77,76,2016-2017,61-80
Manchester City,65.0,75,78,2016-2017,61-80
Manchester Utd,56.5,54,69,2016-2017,61-80
Middlesbrough,47.3,26,28,2016-2017,21-40
Southampton,54.4,39,46,2016-2017,41-60
Stoke City,46.3,37,44,2016-2017,41-60
Sunderland,39.7,28,24,2016-2017,21-40
Swansea City,47.9,45,41,2016-2017,41-60
Tottenham Hotspur,60.5,84,86,2016-2017,81-100
Watford,46.1,39,40,2016-2017,21-40
West Brom,37.3,43,45,2016-2017,41-60
West Ham United,47.1,46,45,2016-2017,41-60
